rxn_id,ligand,solvent,precursor,base,co_solvent,ligand_PC1,ligand_PC2,ligand_PC3,ligand_PC4,ligand_PC5,ligand_PC6,ligand_PC7,ligand_PC8,ligand_PC9,ligand_PC10,ligand_PC11,ligand_PC12,ligand_PC13,ligand_PC14,ligand_PC15,ligand_PC16,ligand_PC17,ligand_PC18,ligand_PC19,ligand_PC20,ligand_PC21,ligand_PC22,ligand_PC23,ligand_PC24,ligand_PC25,F1,F2,F3,F4,[Pd(OAc)2],[Pd(allyl)Cl]2,[Pd2(dba)3],Cs2CO3,K2CO3,K3PO4,KOH,KOMe,KOtBu,KOAc,KF,DIPEA,DBU,none,H2O,AP yield,AP selectivity
395,PPh3,2-MeTHF,[Pd(allyl)Cl]2,KF,H2O,0.7497454858724419,0.3477696303736129,0.5308404632449628,0.5513048856197552,0.3514778028658242,0.2737073206264413,0.4274661849985721,0.4309928769486413,0.3414820596443834,0.6811417481333822,0.5594316886085429,0.2920423173933882,0.6130975748916545,0.225744675970124,0.602807669979798,0.7686167442363099,0.4224360214609718,0.7293950598397139,0.2190722493960621,0.68842465823592,0.5038625789747262,0.7575172096631926,0.3934264937872319,0.7806270346665108,0.4868832953819876,0.5158730158730158,0.0,0.8656716417910446,0.368421052631579,0.0,1.0,0.0,0.0,0.0,0.0,0.0,0.0,0.0,0.0,1.0,0.0,0.0,0.0,1.0,0.2082584751756946,0.3470213678750668
435,PPh3,MEK,[Pd(OAc)2],KF,H2O,0.7497454858724419,0.3477696303736129,0.5308404632449628,0.5513048856197552,0.3514778028658242,0.2737073206264413,0.4274661849985721,0.4309928769486413,0.3414820596443834,0.6811417481333822,0.5594316886085429,0.2920423173933882,0.6130975748916545,0.225744675970124,0.602807669979798,0.7686167442363099,0.4224360214609718,0.7293950598397139,0.2190722493960621,0.68842465823592,0.5038625789747262,0.7575172096631926,0.3934264937872319,0.7806270346665108,0.4868832953819876,0.4761904761904761,0.25,0.6194029850746268,0.0,1.0,0.0,0.0,0.0,0.0,0.0,0.0,0.0,0.0,0.0,1.0,0.0,0.0,0.0,1.0,0.1292845061387035,0.2568475757303347
1155,P(Cy)3,MEK,[Pd(OAc)2],KF,H2O,0.7123999975857913,0.3207481197675216,0.1750568462171604,0.6690593150186219,0.3452283064994268,0.201508550148005,0.4444765154362463,0.2955817935113549,0.3765404849099418,0.4954725372293219,0.1200564814180802,0.3545544362566939,0.2255703549333029,0.6810770921769533,0.4338164512419854,0.6111033221515039,0.4860176965506411,0.2738402564234681,0.6509300254325763,0.0477807839806457,0.4195069601967975,0.3580609217720518,0.3062829611331853,0.7963312851334855,0.8390633778202308,0.4761904761904761,0.25,0.6194029850746268,0.0,1.0,0.0,0.0,0.0,0.0,0.0,0.0,0.0,0.0,0.0,1.0,0.0,0.0,0.0,1.0,0.0146145716319657,0.0
6015,cataCXium POMeCy,iPr2O,[Pd(OAc)2],KF,H2O,0.4811183378351755,0.2073966283789297,0.0878380954712569,0.4016324205109705,0.446385013680675,0.210620826265572,0.2034299998374113,0.3063074344407855,0.4424124381046711,0.3355974006955081,0.3569995443377273,0.1855796814947657,0.3997523157097128,0.5577944484830388,0.3160118981637109,0.5363826920459288,0.5197942961858935,0.4157151536079104,0.2809018180713364,0.5722166698586235,0.6414517164909439,0.1797158554988486,0.4256873701611023,0.2316611803421428,0.5028251468479104,0.5634920634920635,0.0217391304347827,0.925373134328358,0.736842105263158,1.0,0.0,0.0,0.0,0.0,0.0,0.0,0.0,0.0,0.0,1.0,0.0,0.0,0.0,1.0,0.1821391565468064,0.3634427058591818
6075,cataCXium POMeCy,CPME,[Pd(OAc)2],KF,H2O,0.4811183378351755,0.2073966283789297,0.0878380954712569,0.4016324205109705,0.446385013680675,0.210620826265572,0.2034299998374113,0.3063074344407855,0.4424124381046711,0.3355974006955081,0.3569995443377273,0.1855796814947657,0.3997523157097128,0.5577944484830388,0.3160118981637109,0.5363826920459288,0.5197942961858935,0.4157151536079104,0.2809018180713364,0.5722166698586235,0.6414517164909439,0.1797158554988486,0.4256873701611023,0.2316611803421428,0.5028251468479104,0.6507936507936507,0.1521739130434783,0.880597014925373,0.631578947368421,1.0,0.0,0.0,0.0,0.0,0.0,0.0,0.0,0.0,0.0,1.0,0.0,0.0,0.0,1.0,0.331562880993588,0.5350755048834103
8333,cataCXium PInCy,2-MeTHF,[Pd2(dba)3],KOAc,H2O,0.4744891733029699,0.2641394359124477,0.1939118469748384,0.361711578074058,0.4087051823638087,0.1757517537501978,0.4111743183235123,0.3671617063542418,0.29479557137796,0.3268356243945668,0.4138293772975217,0.2211245950662411,0.5663733678301139,0.5411096331647318,0.0607010254170105,0.4010845831652532,0.3537006158310715,0.0278341561993469,0.3472309577328145,0.5246968053588036,0.5186791604106912,0.1880222649792875,0.5980336980355448,0.4905815495570343,0.5707589954191925,0.5158730158730158,0.0,0.8656716417910446,0.368421052631579,0.0,0.0,1.0,0.0,0.0,0.0,0.0,0.0,0.0,1.0,0.0,0.0,0.0,0.0,1.0,0.3017899322279734,0.574612455425337
8815,cataCXium PCy,iPrOH,[Pd2(dba)3],KF,H2O,0.5318365978317733,0.2197208649513382,0.042095746212259,0.4315070488025357,0.4196840894695808,0.2304105157022996,0.4003595838068611,0.3715634020926348,0.5494905852761464,0.4300781512938766,0.3262576463355803,0.0683825901642022,0.4956260877494299,0.4262270646822711,0.1989126486954718,0.4104233662271846,0.3047840848540933,0.2812819286502272,0.0783824666229973,0.7029062413144878,0.4720346446705149,0.1427097965842808,0.4467537618508466,0.6493121014469964,0.0362077327960459,0.238095238095238,0.7717391304347827,0.9552238805970148,0.7105263157894737,0.0,0.0,1.0,0.0,0.0,0.0,0.0,0.0,0.0,0.0,1.0,0.0,0.0,0.0,1.0,0.3742026415273806,0.5637574158153831
9073,cataCXium PCy,MEK,[Pd(OAc)2],KOAc,H2O,0.5318365978317733,0.2197208649513382,0.042095746212259,0.4315070488025357,0.4196840894695808,0.2304105157022996,0.4003595838068611,0.3715634020926348,0.5494905852761464,0.4300781512938766,0.3262576463355803,0.0683825901642022,0.4956260877494299,0.4262270646822711,0.1989126486954718,0.4104233662271846,0.3047840848540933,0.2812819286502272,0.0783824666229973,0.7029062413144878,0.4720346446705149,0.1427097965842808,0.4467537618508466,0.6493121014469964,0.0362077327960459,0.4761904761904761,0.25,0.6194029850746268,0.0,1.0,0.0,0.0,0.0,0.0,0.0,0.0,0.0,0.0,1.0,0.0,0.0,0.0,0.0,1.0,0.0638481109034947,0.1225849858216636
9075,cataCXium PCy,MEK,[Pd(OAc)2],KF,H2O,0.5318365978317733,0.2197208649513382,0.042095746212259,0.4315070488025357,0.4196840894695808,0.2304105157022996,0.4003595838068611,0.3715634020926348,0.5494905852761464,0.4300781512938766,0.3262576463355803,0.0683825901642022,0.4956260877494299,0.4262270646822711,0.1989126486954718,0.4104233662271846,0.3047840848540933,0.2812819286502272,0.0783824666229973,0.7029062413144878,0.4720346446705149,0.1427097965842808,0.4467537618508466,0.6493121014469964,0.0362077327960459,0.4761904761904761,0.25,0.6194029850746268,0.0,1.0,0.0,0.0,0.0,0.0,0.0,0.0,0.0,0.0,0.0,1.0,0.0,0.0,0.0,1.0,0.5503096012426004,0.7441990499070789
10535,CY-VBRIDP,MEK,[Pd(allyl)Cl]2,KF,H2O,0.498539945999995,0.4319823612678241,0.1720004300110831,0.4382860727273287,0.4023409138729458,0.0552490438769892,0.5704802065560706,0.3449566673397914,0.3213164556635762,0.4640386453073328,0.4032930387993347,0.2243670011813726,0.3826632551294935,0.3411055192896434,0.1979783985924388,0.4561836397211636,0.0387023326040647,0.573756728169464,0.3951406967877029,0.1919601892947706,0.1836286993705999,0.5257522646852526,0.8330702388923337,0.3344748665089744,0.5674831268418525,0.4761904761904761,0.25,0.6194029850746268,0.0,0.0,1.0,0.0,0.0,0.0,0.0,0.0,0.0,0.0,0.0,1.0,0.0,0.0,0.0,1.0,0.655264699194972,0.7792846846850863
12615,CyJohnPhos,2-MeTHF,[Pd(OAc)2],KF,H2O,0.5262062787258298,0.2783043685453386,0.059320273737275,0.4972814563156038,0.4297632114807968,0.1562471305495105,0.4163163559781128,0.4435227674519836,0.5011331354154307,0.4875012978888415,0.3260702614147499,0.2695142055594818,0.4717405025471535,0.174659065555688,0.49342038463344,0.315474612460064,0.256223543184955,0.1659514476048087,0.1849877956247703,0.4866368082187048,0.3695168268081666,0.4552057027547654,0.687698743496839,0.5906475980898079,0.322668729975881,0.5158730158730158,0.0,0.8656716417910446,0.368421052631579,1.0,0.0,0.0,0.0,0.0,0.0,0.0,0.0,0.0,0.0,1.0,0.0,0.0,0.0,1.0,0.509928383098444,0.7256325115883675
12715,CyJohnPhos,MEK,[Pd2(dba)3],KF,H2O,0.5262062787258298,0.2783043685453386,0.059320273737275,0.4972814563156038,0.4297632114807968,0.1562471305495105,0.4163163559781128,0.4435227674519836,0.5011331354154307,0.4875012978888415,0.3260702614147499,0.2695142055594818,0.4717405025471535,0.174659065555688,0.49342038463344,0.315474612460064,0.256223543184955,0.1659514476048087,0.1849877956247703,0.4866368082187048,0.3695168268081666,0.4552057027547654,0.687698743496839,0.5906475980898079,0.322668729975881,0.4761904761904761,0.25,0.6194029850746268,0.0,0.0,0.0,1.0,0.0,0.0,0.0,0.0,0.0,0.0,0.0,1.0,0.0,0.0,0.0,1.0,0.3866061400548518,0.5343761188499989
12795,CyJohnPhos,MeCN,[Pd(OAc)2],KF,H2O,0.5262062787258298,0.2783043685453386,0.059320273737275,0.4972814563156038,0.4297632114807968,0.1562471305495105,0.4163163559781128,0.4435227674519836,0.5011331354154307,0.4875012978888415,0.3260702614147499,0.2695142055594818,0.4717405025471535,0.174659065555688,0.49342038463344,0.315474612460064,0.256223543184955,0.1659514476048087,0.1849877956247703,0.4866368082187048,0.3695168268081666,0.4552057027547654,0.687698743496839,0.5906475980898079,0.322668729975881,0.1111111111111111,0.8478260869565218,0.0,0.0789473684210526,1.0,0.0,0.0,0.0,0.0,0.0,0.0,0.0,0.0,0.0,1.0,0.0,0.0,0.0,1.0,0.6445412756381234,0.7337708256691605
12835,CyJohnPhos,MeCN,[Pd2(dba)3],KF,H2O,0.5262062787258298,0.2783043685453386,0.059320273737275,0.4972814563156038,0.4297632114807968,0.1562471305495105,0.4163163559781128,0.4435227674519836,0.5011331354154307,0.4875012978888415,0.3260702614147499,0.2695142055594818,0.4717405025471535,0.174659065555688,0.49342038463344,0.315474612460064,0.256223543184955,0.1659514476048087,0.1849877956247703,0.4866368082187048,0.3695168268081666,0.4552057027547654,0.687698743496839,0.5906475980898079,0.322668729975881,0.1111111111111111,0.8478260869565218,0.0,0.0789473684210526,0.0,0.0,1.0,0.0,0.0,0.0,0.0,0.0,0.0,0.0,1.0,0.0,0.0,0.0,1.0,0.5302982564822899,0.6168856699838488
13215,cataCXium PICy,iPr2O,[Pd(OAc)2],KF,H2O,0.5080110858319793,0.3314322506567163,0.1527003703366604,0.3798204429939022,0.435090151007582,0.2094820376014674,0.4610922450228684,0.3806499184943197,0.5291866768872717,0.3348149473706791,0.2289394756559241,0.2833095965340996,0.3658939310602759,0.6188036157552843,0.4126126338429563,0.7395436436575373,0.5939813952514356,0.1575157740359653,0.3198337468717364,0.5254522478321114,0.4844596286743052,1.0,0.2204817500715534,0.3072328954269456,0.2149097304797583,0.5634920634920635,0.0217391304347827,0.925373134328358,0.736842105263158,1.0,0.0,0.0,0.0,0.0,0.0,0.0,0.0,0.0,0.0,1.0,0.0,0.0,0.0,1.0,0.3011878687736055,0.5143285265858071
13335,cataCXium PICy,2-MeTHF,[Pd(OAc)2],KF,H2O,0.5080110858319793,0.3314322506567163,0.1527003703366604,0.3798204429939022,0.435090151007582,0.2094820376014674,0.4610922450228684,0.3806499184943197,0.5291866768872717,0.3348149473706791,0.2289394756559241,0.2833095965340996,0.3658939310602759,0.6188036157552843,0.4126126338429563,0.7395436436575373,0.5939813952514356,0.1575157740359653,0.3198337468717364,0.5254522478321114,0.4844596286743052,1.0,0.2204817500715534,0.3072328954269456,0.2149097304797583,0.5158730158730158,0.0,0.8656716417910446,0.368421052631579,1.0,0.0,0.0,0.0,0.0,0.0,0.0,0.0,0.0,0.0,1.0,0.0,0.0,0.0,1.0,0.4840924763772302,0.6874388978296508
13635,cataCXium PICy,PhOMe,[Pd(OAc)2],KF,H2O,0.5080110858319793,0.3314322506567163,0.1527003703366604,0.3798204429939022,0.435090151007582,0.2094820376014674,0.4610922450228684,0.3806499184943197,0.5291866768872717,0.3348149473706791,0.2289394756559241,0.2833095965340996,0.3658939310602759,0.6188036157552843,0.4126126338429563,0.7395436436575373,0.5939813952514356,0.1575157740359653,0.3198337468717364,0.5254522478321114,0.4844596286743052,1.0,0.2204817500715534,0.3072328954269456,0.2149097304797583,0.8095238095238095,0.6630434782608696,0.6716417910447761,0.1842105263157895,1.0,0.0,0.0,0.0,0.0,0.0,0.0,0.0,0.0,0.0,1.0,0.0,0.0,0.0,1.0,0.3848285372064927,0.6072379064639691
14075,X-PHOS,2-MeTHF,[Pd(allyl)Cl]2,KF,H2O,0.3938429915312159,0.3194064915333237,0.048684543965179,0.5308390797877277,0.3214999548515468,0.1269831384769174,0.6237681673242637,0.4346817152549032,0.4567525770063841,0.4248285375933835,0.4906304634824323,0.3577495079991386,0.3825087629220741,0.2949885482327021,0.7256581861138889,0.6270743362215911,0.4335860544158087,0.4816997137425525,0.6184897558999445,0.6300583548897949,0.1805074074736107,0.5587361548768991,0.3748213047739966,0.2847707709584357,0.3735147412416579,0.5158730158730158,0.0,0.8656716417910446,0.368421052631579,0.0,1.0,0.0,0.0,0.0,0.0,0.0,0.0,0.0,0.0,1.0,0.0,0.0,0.0,1.0,0.6916805709484631,0.819296810621329
14175,X-PHOS,EtOAc,[Pd(OAc)2],KF,H2O,0.3938429915312159,0.3194064915333237,0.048684543965179,0.5308390797877277,0.3214999548515468,0.1269831384769174,0.6237681673242637,0.4346817152549032,0.4567525770063841,0.4248285375933835,0.4906304634824323,0.3577495079991386,0.3825087629220741,0.2949885482327021,0.7256581861138889,0.6270743362215911,0.4335860544158087,0.4816997137425525,0.6184897558999445,0.6300583548897949,0.1805074074736107,0.5587361548768991,0.3748213047739966,0.2847707709584357,0.3735147412416579,0.5793650793650793,0.3695652173913044,0.6343283582089552,0.131578947368421,1.0,0.0,0.0,0.0,0.0,0.0,0.0,0.0,0.0,0.0,1.0,0.0,0.0,0.0,1.0,0.1983360214877866,0.3782836575729753
15555,Mor-Dalphos,MEK,[Pd(OAc)2],KF,H2O,0.4930242158539854,0.5883997451281309,0.2475208748255444,0.6611678926932537,0.4699200550275615,0.1642612320669724,0.1769468367235574,0.4124770238413771,0.3791882651433228,0.3816317652683131,0.5053266694827107,0.5412575545554004,0.5136270280991551,0.0966118892066708,0.2689990025166454,0.2952878335396871,0.450469845768422,0.0812779681948843,0.2962932268755542,0.4318408316913131,0.406160381726171,0.0940789559315525,0.3512312644362791,0.328345302907216,0.1581244900236049,0.4761904761904761,0.25,0.6194029850746268,0.0,1.0,0.0,0.0,0.0,0.0,0.0,0.0,0.0,0.0,0.0,1.0,0.0,0.0,0.0,1.0,0.0,0.0
16935,JackiePhos,2-MeTHF,[Pd(OAc)2],KF,H2O,0.2042568643738569,0.2325679800380808,0.7526055370193205,0.5377335484206867,0.4439021721506936,0.2386871671458069,0.2438962106023142,0.5750413629530332,0.5524355316180559,0.3080424217429918,0.5232270043548068,0.3714229582760722,0.1055815871758042,0.2483762687190568,0.1707332285279785,0.4639016471308183,0.5002105956822585,0.139470830262317,0.1999329878403127,0.1004084284952978,0.2355523916811717,0.536233890956717,0.5811200280688396,0.6311035560970776,0.02062669135556,0.5158730158730158,0.0,0.8656716417910446,0.368421052631579,1.0,0.0,0.0,0.0,0.0,0.0,0.0,0.0,0.0,0.0,1.0,0.0,0.0,0.0,1.0,0.0449236204883282,0.0
17033,JackiePhos,MEK,[Pd2(dba)3],KOAc,H2O,0.2042568643738569,0.2325679800380808,0.7526055370193205,0.5377335484206867,0.4439021721506936,0.2386871671458069,0.2438962106023142,0.5750413629530332,0.5524355316180559,0.3080424217429918,0.5232270043548068,0.3714229582760722,0.1055815871758042,0.2483762687190568,0.1707332285279785,0.4639016471308183,0.5002105956822585,0.139470830262317,0.1999329878403127,0.1004084284952978,0.2355523916811717,0.536233890956717,0.5811200280688396,0.6311035560970776,0.02062669135556,0.4761904761904761,0.25,0.6194029850746268,0.0,0.0,0.0,1.0,0.0,0.0,0.0,0.0,0.0,0.0,1.0,0.0,0.0,0.0,0.0,1.0,0.0286955139061032,0.0
19135,PhDavePhos,2-MeTHF,[Pd2(dba)3],KF,H2O,0.4859780629570833,0.2414582873682554,0.2042618222719841,0.4005198873285391,0.479739926041367,0.1657925569329444,0.2040955283377691,0.3593500980262155,0.2962243301459435,0.6564190111804589,0.7383102874213967,0.3943904785532948,0.5528440444280379,0.3989040308603563,0.5603700922984308,0.4761508491541084,0.5677189033254355,0.4973959455930592,0.7034137223559527,0.3217977347600863,0.3378939652253691,0.1150020980601531,0.4381621210960194,0.5342929947104224,0.4158084481906927,0.5158730158730158,0.0,0.8656716417910446,0.368421052631579,0.0,0.0,1.0,0.0,0.0,0.0,0.0,0.0,0.0,0.0,1.0,0.0,0.0,0.0,1.0,0.5943948319294037,0.7472851755873016
19155,PhDavePhos,MEK,[Pd(OAc)2],KF,H2O,0.4859780629570833,0.2414582873682554,0.2042618222719841,0.4005198873285391,0.479739926041367,0.1657925569329444,0.2040955283377691,0.3593500980262155,0.2962243301459435,0.6564190111804589,0.7383102874213967,0.3943904785532948,0.5528440444280379,0.3989040308603563,0.5603700922984308,0.4761508491541084,0.5677189033254355,0.4973959455930592,0.7034137223559527,0.3217977347600863,0.3378939652253691,0.1150020980601531,0.4381621210960194,0.5342929947104224,0.4158084481906927,0.4761904761904761,0.25,0.6194029850746268,0.0,1.0,0.0,0.0,0.0,0.0,0.0,0.0,0.0,0.0,0.0,1.0,0.0,0.0,0.0,1.0,0.5042623813227547,0.6865244774972928
19295,PhDavePhos,MeCN,[Pd(allyl)Cl]2,KF,H2O,0.4859780629570833,0.2414582873682554,0.2042618222719841,0.4005198873285391,0.479739926041367,0.1657925569329444,0.2040955283377691,0.3593500980262155,0.2962243301459435,0.6564190111804589,0.7383102874213967,0.3943904785532948,0.5528440444280379,0.3989040308603563,0.5603700922984308,0.4761508491541084,0.5677189033254355,0.4973959455930592,0.7034137223559527,0.3217977347600863,0.3378939652253691,0.1150020980601531,0.4381621210960194,0.5342929947104224,0.4158084481906927,0.1111111111111111,0.8478260869565218,0.0,0.0789473684210526,0.0,1.0,0.0,0.0,0.0,0.0,0.0,0.0,0.0,0.0,1.0,0.0,0.0,0.0,1.0,0.4701841953709368,0.6093978504957892
20575,(pDMA-Ph)P(Cy)2,2-MeTHF,[Pd2(dba)3],KF,H2O,0.5714446880969448,0.298278451109425,0.3810190582387399,0.4620099654361988,0.2839124937018579,0.4774198994334218,0.2301434901962306,0.153121147196809,0.0619308570128116,0.1156400847301759,0.3000956423076287,0.1711857046799326,0.328671916410545,0.2533142403091684,0.3381687767905833,0.2542934682246452,0.2536172319070947,0.2036207163186255,1.0,0.2596353962303288,0.1284163192973104,0.3575044967827654,0.3208102197124952,0.3463372292013364,0.580954407544558,0.5158730158730158,0.0,0.8656716417910446,0.368421052631579,0.0,0.0,1.0,0.0,0.0,0.0,0.0,0.0,0.0,0.0,1.0,0.0,0.0,0.0,1.0,0.3947495649722536,0.6021542899549736
20595,(pDMA-Ph)P(Cy)2,MEK,[Pd(OAc)2],KF,H2O,0.5714446880969448,0.298278451109425,0.3810190582387399,0.4620099654361988,0.2839124937018579,0.4774198994334218,0.2301434901962306,0.153121147196809,0.0619308570128116,0.1156400847301759,0.3000956423076287,0.1711857046799326,0.328671916410545,0.2533142403091684,0.3381687767905833,0.2542934682246452,0.2536172319070947,0.2036207163186255,1.0,0.2596353962303288,0.1284163192973104,0.3575044967827654,0.3208102197124952,0.3463372292013364,0.580954407544558,0.4761904761904761,0.25,0.6194029850746268,0.0,1.0,0.0,0.0,0.0,0.0,0.0,0.0,0.0,0.0,0.0,1.0,0.0,0.0,0.0,1.0,0.0558774074104858,0.1138237201270955
21315,(pDMA-Ph)P(tBu)2 = AmPhos,MEK,[Pd(OAc)2],KF,H2O,0.6449416016177927,0.6622681108704866,0.432553911536411,0.5208044493939693,0.284402084097278,0.5571200476798392,0.1841375703710131,0.3913661518943725,0.0085327716074058,0.0139249954830598,0.4306998957082945,0.1481373229872137,0.4340819822995855,0.3303030971222904,0.075830001733867,0.3452784615772911,0.3777689327397996,0.5725870713847324,0.6081050673726347,0.7571265465756782,0.3135006063223537,0.5888867286161451,0.4579466469662659,0.5030455847370008,0.2331438236888293,0.4761904761904761,0.25,0.6194029850746268,0.0,1.0,0.0,0.0,0.0,0.0,0.0,0.0,0.0,0.0,0.0,1.0,0.0,0.0,0.0,1.0,0.1225511737667951,0.2477837789830405
21353,(pDMA-Ph)P(tBu)2 = AmPhos,MEK,[Pd2(dba)3],KOAc,H2O,0.6449416016177927,0.6622681108704866,0.432553911536411,0.5208044493939693,0.284402084097278,0.5571200476798392,0.1841375703710131,0.3913661518943725,0.0085327716074058,0.0139249954830598,0.4306998957082945,0.1481373229872137,0.4340819822995855,0.3303030971222904,0.075830001733867,0.3452784615772911,0.3777689327397996,0.5725870713847324,0.6081050673726347,0.7571265465756782,0.3135006063223537,0.5888867286161451,0.4579466469662659,0.5030455847370008,0.2331438236888293,0.4761904761904761,0.25,0.6194029850746268,0.0,0.0,0.0,1.0,0.0,0.0,0.0,0.0,0.0,0.0,1.0,0.0,0.0,0.0,0.0,1.0,0.0553224225482241,0.1187702439663777
21355,(pDMA-Ph)P(tBu)2 = AmPhos,MEK,[Pd2(dba)3],KF,H2O,0.6449416016177927,0.6622681108704866,0.432553911536411,0.5208044493939693,0.284402084097278,0.5571200476798392,0.1841375703710131,0.3913661518943725,0.0085327716074058,0.0139249954830598,0.4306998957082945,0.1481373229872137,0.4340819822995855,0.3303030971222904,0.075830001733867,0.3452784615772911,0.3777689327397996,0.5725870713847324,0.6081050673726347,0.7571265465756782,0.3135006063223537,0.5888867286161451,0.4579466469662659,0.5030455847370008,0.2331438236888293,0.4761904761904761,0.25,0.6194029850746268,0.0,0.0,0.0,1.0,0.0,0.0,0.0,0.0,0.0,0.0,0.0,1.0,0.0,0.0,0.0,1.0,0.4312536215804261,0.6115748051231922
24135,CyBippyPhos,2-MeTHF,[Pd(OAc)2],KF,H2O,0.269728792501744,0.2415057361138734,0.2888641913715659,0.2780602588205237,0.297520993686952,0.3929426124369914,0.3672816433681901,0.3371407993871411,0.2892652805773137,0.7046728410197745,0.2399673493914239,0.5976664680707573,0.3230074769596768,0.1059315244942861,0.3728925725427848,0.4165350799019681,0.1661397195760268,0.703718709335674,0.0,0.3574911019337002,0.7270969809733027,0.4094132373288918,0.1861617858559797,0.4248233553200546,0.4512332777805975,0.5158730158730158,0.0,0.8656716417910446,0.368421052631579,1.0,0.0,0.0,0.0,0.0,0.0,0.0,0.0,0.0,0.0,1.0,0.0,0.0,0.0,1.0,0.1975463515245131,0.3230713670934774
24315,CyBippyPhos,MeCN,[Pd(OAc)2],KF,H2O,0.269728792501744,0.2415057361138734,0.2888641913715659,0.2780602588205237,0.297520993686952,0.3929426124369914,0.3672816433681901,0.3371407993871411,0.2892652805773137,0.7046728410197745,0.2399673493914239,0.5976664680707573,0.3230074769596768,0.1059315244942861,0.3728925725427848,0.4165350799019681,0.1661397195760268,0.703718709335674,0.0,0.3574911019337002,0.7270969809733027,0.4094132373288918,0.1861617858559797,0.4248233553200546,0.4512332777805975,0.1111111111111111,0.8478260869565218,0.0,0.0789473684210526,1.0,0.0,0.0,0.0,0.0,0.0,0.0,0.0,0.0,0.0,1.0,0.0,0.0,0.0,1.0,0.4819006141115236,0.6294108374976713
24335,CyBippyPhos,MeCN,[Pd(allyl)Cl]2,KF,H2O,0.269728792501744,0.2415057361138734,0.2888641913715659,0.2780602588205237,0.297520993686952,0.3929426124369914,0.3672816433681901,0.3371407993871411,0.2892652805773137,0.7046728410197745,0.2399673493914239,0.5976664680707573,0.3230074769596768,0.1059315244942861,0.3728925725427848,0.4165350799019681,0.1661397195760268,0.703718709335674,0.0,0.3574911019337002,0.7270969809733027,0.4094132373288918,0.1861617858559797,0.4248233553200546,0.4512332777805975,0.1111111111111111,0.8478260869565218,0.0,0.0789473684210526,0.0,1.0,0.0,0.0,0.0,0.0,0.0,0.0,0.0,0.0,1.0,0.0,0.0,0.0,1.0,0.9372665136893672,0.9372665136893672
24855,RuPhos,2-MeTHF,[Pd(OAc)2],KF,H2O,0.3832198515559148,0.2770261572951225,0.0341180960041474,0.5350037980180984,0.3383728142081741,0.2300592283681627,0.4871046741312692,0.285052719850866,0.4937811357003172,0.4629476426409377,0.4267936240143095,0.2394149926769471,0.4103074347994292,0.4793485664711681,0.5696634997776701,0.1690006571235652,0.4857736914186733,0.7292031363789022,0.2117058092088298,1.0,0.2312355869399301,0.229427498271885,0.2521732082765038,0.8465038435566352,0.5516371440020862,0.5158730158730158,0.0,0.8656716417910446,0.368421052631579,1.0,0.0,0.0,0.0,0.0,0.0,0.0,0.0,0.0,0.0,1.0,0.0,0.0,0.0,1.0,0.3736461965530221,0.5971769299195412
25035,RuPhos,MeCN,[Pd(OAc)2],KF,H2O,0.3832198515559148,0.2770261572951225,0.0341180960041474,0.5350037980180984,0.3383728142081741,0.2300592283681627,0.4871046741312692,0.285052719850866,0.4937811357003172,0.4629476426409377,0.4267936240143095,0.2394149926769471,0.4103074347994292,0.4793485664711681,0.5696634997776701,0.1690006571235652,0.4857736914186733,0.7292031363789022,0.2117058092088298,1.0,0.2312355869399301,0.229427498271885,0.2521732082765038,0.8465038435566352,0.5516371440020862,0.1111111111111111,0.8478260869565218,0.0,0.0789473684210526,1.0,0.0,0.0,0.0,0.0,0.0,0.0,0.0,0.0,0.0,1.0,0.0,0.0,0.0,1.0,0.667220975420435,0.7984976620344315
25095,RuPhos,PhMe,[Pd(OAc)2],KF,H2O,0.3832198515559148,0.2770261572951225,0.0341180960041474,0.5350037980180984,0.3383728142081741,0.2300592283681627,0.4871046741312692,0.285052719850866,0.4937811357003172,0.4629476426409377,0.4267936240143095,0.2394149926769471,0.4103074347994292,0.4793485664711681,0.5696634997776701,0.1690006571235652,0.4857736914186733,0.7292031363789022,0.2117058092088298,1.0,0.2312355869399301,0.229427498271885,0.2521732082765038,0.8465038435566352,0.5516371440020862,1.0,0.7500000000000001,0.7014925373134328,0.3157894736842105,1.0,0.0,0.0,0.0,0.0,0.0,0.0,0.0,0.0,0.0,1.0,0.0,0.0,0.0,1.0,0.1324495424186062,0.2732788752098255
26295,CyPPh2,2-MeTHF,[Pd(OAc)2],KF,H2O,0.6799697985604367,0.2526780466628715,0.3505742541564037,0.4377159488989716,0.3859553928216611,0.295026464676878,0.3613985160926256,0.4109202207344659,0.2970758738634959,0.5482832873805249,0.3124955280516597,0.2165646343745685,0.4681046907511872,0.3425603031178102,0.868463337902067,0.1880571526035402,0.2847243729085627,0.4518549590151395,0.7985235011838083,0.2523851902461742,0.4571157786500153,0.3098471827519735,0.4957144020381997,0.4269861449714785,0.2221987646656096,0.5158730158730158,0.0,0.8656716417910446,0.368421052631579,1.0,0.0,0.0,0.0,0.0,0.0,0.0,0.0,0.0,0.0,1.0,0.0,0.0,0.0,1.0,0.0562233106867624,0.1320922094582131
26415,CyPPh2,EtOAc,[Pd(OAc)2],KF,H2O,0.6799697985604367,0.2526780466628715,0.3505742541564037,0.4377159488989716,0.3859553928216611,0.295026464676878,0.3613985160926256,0.4109202207344659,0.2970758738634959,0.5482832873805249,0.3124955280516597,0.2165646343745685,0.4681046907511872,0.3425603031178102,0.868463337902067,0.1880571526035402,0.2847243729085627,0.4518549590151395,0.7985235011838083,0.2523851902461742,0.4571157786500153,0.3098471827519735,0.4957144020381997,0.4269861449714785,0.2221987646656096,0.5793650793650793,0.3695652173913044,0.6343283582089552,0.131578947368421,1.0,0.0,0.0,0.0,0.0,0.0,0.0,0.0,0.0,0.0,1.0,0.0,0.0,0.0,1.0,0.078572930588911,0.1707697549951779
27035,DavePhos,2-MeTHF,[Pd(allyl)Cl]2,KF,H2O,0.4640827177906246,0.2562558777709499,0.0228256841454017,0.4718055247461065,0.4457240772307381,0.1563214127196768,0.4140844791482488,0.3337299240731014,0.5160067515782262,0.4706251831190567,0.4792708767317449,0.3055376223035352,0.4929197338365295,0.2639725419473585,0.433931118591874,0.2017949935691438,0.3429308998111525,0.7082481725347015,0.9061940138873088,0.5199031643290176,0.2714233906026747,0.5527979342086846,0.2990043960206697,0.5661783337187344,0.2808308970129719,0.5158730158730158,0.0,0.8656716417910446,0.368421052631579,0.0,1.0,0.0,0.0,0.0,0.0,0.0,0.0,0.0,0.0,1.0,0.0,0.0,0.0,1.0,0.5736575701467705,0.6909495280992721
27115,DavePhos,MEK,[Pd2(dba)3],KF,H2O,0.4640827177906246,0.2562558777709499,0.0228256841454017,0.4718055247461065,0.4457240772307381,0.1563214127196768,0.4140844791482488,0.3337299240731014,0.5160067515782262,0.4706251831190567,0.4792708767317449,0.3055376223035352,0.4929197338365295,0.2639725419473585,0.433931118591874,0.2017949935691438,0.3429308998111525,0.7082481725347015,0.9061940138873088,0.5199031643290176,0.2714233906026747,0.5527979342086846,0.2990043960206697,0.5661783337187344,0.2808308970129719,0.4761904761904761,0.25,0.6194029850746268,0.0,0.0,0.0,1.0,0.0,0.0,0.0,0.0,0.0,0.0,0.0,1.0,0.0,0.0,0.0,1.0,0.4098022532167997,0.5265191797415284
27215,DavePhos,MeCN,[Pd(allyl)Cl]2,KF,H2O,0.4640827177906246,0.2562558777709499,0.0228256841454017,0.4718055247461065,0.4457240772307381,0.1563214127196768,0.4140844791482488,0.3337299240731014,0.5160067515782262,0.4706251831190567,0.4792708767317449,0.3055376223035352,0.4929197338365295,0.2639725419473585,0.433931118591874,0.2017949935691438,0.3429308998111525,0.7082481725347015,0.9061940138873088,0.5199031643290176,0.2714233906026747,0.5527979342086846,0.2990043960206697,0.5661783337187344,0.2808308970129719,0.1111111111111111,0.8478260869565218,0.0,0.0789473684210526,0.0,1.0,0.0,0.0,0.0,0.0,0.0,0.0,0.0,0.0,1.0,0.0,0.0,0.0,1.0,0.433214435224839,0.5910462193307684
27315,DavePhos,PhOMe,[Pd(OAc)2],KF,H2O,0.4640827177906246,0.2562558777709499,0.0228256841454017,0.4718055247461065,0.4457240772307381,0.1563214127196768,0.4140844791482488,0.3337299240731014,0.5160067515782262,0.4706251831190567,0.4792708767317449,0.3055376223035352,0.4929197338365295,0.2639725419473585,0.433931118591874,0.2017949935691438,0.3429308998111525,0.7082481725347015,0.9061940138873088,0.5199031643290176,0.2714233906026747,0.5527979342086846,0.2990043960206697,0.5661783337187344,0.2808308970129719,0.8095238095238095,0.6630434782608696,0.6716417910447761,0.1842105263157895,1.0,0.0,0.0,0.0,0.0,0.0,0.0,0.0,0.0,0.0,1.0,0.0,0.0,0.0,1.0,0.3319781840911309,0.5191646912120347
28195,(pDMA-Ph)P(Ph)2,EtOH,[Pd2(dba)3],KF,H2O,0.6277582142287395,0.3768550010449283,0.6324648617414695,0.5011232866970207,0.2552139053876472,0.5134205739428999,0.3160399549449566,0.2523702707418292,0.0379781993433731,0.1055726671913689,0.5659130902357336,0.0,0.590292040138046,0.2006838410544087,0.3480559343467666,0.8829012612722535,0.4088152299860386,0.6234347883136404,0.4064974898986972,0.791624577561899,0.2222542273054276,0.6321975698249507,0.455063942995221,0.7072590783301282,0.420253865258257,0.1507936507936508,0.8586956521739131,0.9029850746268656,0.7894736842105263,0.0,0.0,1.0,0.0,0.0,0.0,0.0,0.0,0.0,0.0,1.0,0.0,0.0,0.0,1.0,0.0103467123825806,0.0
28595,(pDMA-Ph)P(Ph)2,EtOAc,[Pd(allyl)Cl]2,KF,H2O,0.6277582142287395,0.3768550010449283,0.6324648617414695,0.5011232866970207,0.2552139053876472,0.5134205739428999,0.3160399549449566,0.2523702707418292,0.0379781993433731,0.1055726671913689,0.5659130902357336,0.0,0.590292040138046,0.2006838410544087,0.3480559343467666,0.8829012612722535,0.4088152299860386,0.6234347883136404,0.4064974898986972,0.791624577561899,0.2222542273054276,0.6321975698249507,0.455063942995221,0.7072590783301282,0.420253865258257,0.5793650793650793,0.3695652173913044,0.6343283582089552,0.131578947368421,0.0,1.0,0.0,0.0,0.0,0.0,0.0,0.0,0.0,0.0,1.0,0.0,0.0,0.0,1.0,0.0299964549958743,0.0
30155,p-DavePhos,PhMe,[Pd(allyl)Cl]2,KF,H2O,0.4175357049847059,0.2474234102438096,0.1421178917001159,0.3958648756101636,0.3465429278185519,0.4179479397241384,0.1887393471808553,0.3016668955773494,0.3139354990432134,0.1893538184140651,0.4274107216063039,0.1752838306571543,0.484027911742338,0.3140379938017438,0.3452139099556569,0.5898680958125144,0.7318172437889263,0.3074903151664666,0.5847404549150239,0.7139606950281164,0.6005783481336043,0.2580074835631332,0.6733767092653982,0.0,0.4184664429571854,1.0,0.7500000000000001,0.7014925373134328,0.3157894736842105,0.0,1.0,0.0,0.0,0.0,0.0,0.0,0.0,0.0,0.0,1.0,0.0,0.0,0.0,1.0,0.2808614613975558,0.3954852329227584
30555,PhenCar-Phos,CPME,[Pd(OAc)2],KF,H2O,0.405207902415313,0.2715048114108864,0.1263036177099665,0.3822111629935481,0.4154390713354169,0.1884276232523814,0.4476441281872256,0.3994897576519336,0.3866118950938904,0.3748892249940247,0.4557191283049269,0.4099470719712572,0.48249620012688,0.1298180042252978,0.335949483748014,0.5054357114091802,0.4246734066458218,0.4634149695764126,0.553268020118235,0.4473086903338875,0.5884680746140075,0.6810742437694886,0.3202084432160078,0.3745375357246489,0.4879310283400532,0.6507936507936507,0.1521739130434783,0.880597014925373,0.631578947368421,1.0,0.0,0.0,0.0,0.0,0.0,0.0,0.0,0.0,0.0,1.0,0.0,0.0,0.0,1.0,0.0897476261371685,0.1750821341084393
30735,PhenCar-Phos,EtOAc,[Pd(OAc)2],KF,H2O,0.405207902415313,0.2715048114108864,0.1263036177099665,0.3822111629935481,0.4154390713354169,0.1884276232523814,0.4476441281872256,0.3994897576519336,0.3866118950938904,0.3748892249940247,0.4557191283049269,0.4099470719712572,0.48249620012688,0.1298180042252978,0.335949483748014,0.5054357114091802,0.4246734066458218,0.4634149695764126,0.553268020118235,0.4473086903338875,0.5884680746140075,0.6810742437694886,0.3202084432160078,0.3745375357246489,0.4879310283400532,0.5793650793650793,0.3695652173913044,0.6343283582089552,0.131578947368421,1.0,0.0,0.0,0.0,0.0,0.0,0.0,0.0,0.0,0.0,1.0,0.0,0.0,0.0,1.0,0.3184342724220109,0.4966724794114121
31175,RuPhos-Hybrid,tAmOH,[Pd(allyl)Cl]2,KF,H2O,0.2355343228310908,0.1635873162229255,0.7120646204762227,0.5397345408017655,0.5448549281401874,0.080007865645835,0.2309923995319914,0.4811609885750313,0.5506630019566121,0.3262782431151264,0.5837145338278643,0.3703249930774314,0.2874348547482722,0.891749291749967,0.3166669123190254,0.1698738619988674,0.6770257179049165,0.3921424897993474,0.7565106138734958,0.6123817717193656,0.3612183241245976,0.5952202473372499,0.5000145205246431,0.5705841219532344,0.4599852765542994,0.3333333333333333,0.6630434782608696,1.0,0.7105263157894737,0.0,1.0,0.0,0.0,0.0,0.0,0.0,0.0,0.0,0.0,1.0,0.0,0.0,0.0,1.0,0.5160154069563405,0.5418583172536877
31377,RuPhos-Hybrid,2-MeTHF,[Pd2(dba)3],DIPEA,H2O,0.2355343228310908,0.1635873162229255,0.7120646204762227,0.5397345408017655,0.5448549281401874,0.080007865645835,0.2309923995319914,0.4811609885750313,0.5506630019566121,0.3262782431151264,0.5837145338278643,0.3703249930774314,0.2874348547482722,0.891749291749967,0.3166669123190254,0.1698738619988674,0.6770257179049165,0.3921424897993474,0.7565106138734958,0.6123817717193656,0.3612183241245976,0.5952202473372499,0.5000145205246431,0.5705841219532344,0.4599852765542994,0.5158730158730158,0.0,0.8656716417910446,0.368421052631579,0.0,0.0,1.0,0.0,0.0,0.0,0.0,0.0,0.0,0.0,0.0,1.0,0.0,0.0,1.0,0.2268176989877762,0.374236421757648
31395,RuPhos-Hybrid,MEK,[Pd(OAc)2],KF,H2O,0.2355343228310908,0.1635873162229255,0.7120646204762227,0.5397345408017655,0.5448549281401874,0.080007865645835,0.2309923995319914,0.4811609885750313,0.5506630019566121,0.3262782431151264,0.5837145338278643,0.3703249930774314,0.2874348547482722,0.891749291749967,0.3166669123190254,0.1698738619988674,0.6770257179049165,0.3921424897993474,0.7565106138734958,0.6123817717193656,0.3612183241245976,0.5952202473372499,0.5000145205246431,0.5705841219532344,0.4599852765542994,0.4761904761904761,0.25,0.6194029850746268,0.0,1.0,0.0,0.0,0.0,0.0,0.0,0.0,0.0,0.0,0.0,1.0,0.0,0.0,0.0,1.0,0.2788245417391129,0.4960695250790201
31535,RuPhos-Hybrid,MeCN,[Pd(allyl)Cl]2,KF,H2O,0.2355343228310908,0.1635873162229255,0.7120646204762227,0.5397345408017655,0.5448549281401874,0.080007865645835,0.2309923995319914,0.4811609885750313,0.5506630019566121,0.3262782431151264,0.5837145338278643,0.3703249930774314,0.2874348547482722,0.891749291749967,0.3166669123190254,0.1698738619988674,0.6770257179049165,0.3921424897993474,0.7565106138734958,0.6123817717193656,0.3612183241245976,0.5952202473372499,0.5000145205246431,0.5705841219532344,0.4599852765542994,0.1111111111111111,0.8478260869565218,0.0,0.0789473684210526,0.0,1.0,0.0,0.0,0.0,0.0,0.0,0.0,0.0,0.0,1.0,0.0,0.0,0.0,1.0,0.3952789136448063,0.5905275460326725
32775,PhCPhos,2-MeTHF,[Pd(OAc)2],KF,H2O,0.448182184784221,0.3073003905646208,0.2396204327266297,0.3939236968318472,0.4615361205108367,0.1606896071589392,0.2328395546082053,0.3318362905521553,0.2091187790868533,0.6192756903959027,0.7503896004015492,0.4400682761137292,0.4962846701018998,0.2251208227781015,0.669331383909318,0.5117231277936132,0.4898212857445424,0.3296649349852138,0.6896690727787034,0.2221450404834528,0.2199890146485241,0.3872847795270651,0.4554396950445041,0.5715210893622944,0.1720563228442759,0.5158730158730158,0.0,0.8656716417910446,0.368421052631579,1.0,0.0,0.0,0.0,0.0,0.0,0.0,0.0,0.0,0.0,1.0,0.0,0.0,0.0,1.0,0.3814128962475902,0.5885417975264744
32955,PhCPhos,MeCN,[Pd(OAc)2],KF,H2O,0.448182184784221,0.3073003905646208,0.2396204327266297,0.3939236968318472,0.4615361205108367,0.1606896071589392,0.2328395546082053,0.3318362905521553,0.2091187790868533,0.6192756903959027,0.7503896004015492,0.4400682761137292,0.4962846701018998,0.2251208227781015,0.669331383909318,0.5117231277936132,0.4898212857445424,0.3296649349852138,0.6896690727787034,0.2221450404834528,0.2199890146485241,0.3872847795270651,0.4554396950445041,0.5715210893622944,0.1720563228442759,0.1111111111111111,0.8478260869565218,0.0,0.0789473684210526,1.0,0.0,0.0,0.0,0.0,0.0,0.0,0.0,0.0,0.0,1.0,0.0,0.0,0.0,1.0,0.5127444131971967,0.6335811647287601
34255,(1-Ad)3P,2-MeTHF,[Pd2(dba)3],KF,H2O,0.6632368126387066,0.7073608899521188,0.4023663559638579,1.0,0.3841815506320141,0.1174057350256812,0.3494839189587231,0.3079386162026496,0.3081839176817006,0.4946409377928794,0.3301306019220092,0.7249666870077811,0.5950415050521016,0.4444106903592004,0.1977604749958098,0.575176014848779,0.7500822713273355,0.5726469378747598,0.4883552592831626,0.5936916822382534,0.6774172051781757,0.3218124097484522,0.7313478573639054,0.6124107124832339,0.3125841781472038,0.5158730158730158,0.0,0.8656716417910446,0.368421052631579,0.0,0.0,1.0,0.0,0.0,0.0,0.0,0.0,0.0,0.0,1.0,0.0,0.0,0.0,1.0,0.6146823739370574,0.7736107205571984
34275,(1-Ad)3P,MEK,[Pd(OAc)2],KF,H2O,0.6632368126387066,0.7073608899521188,0.4023663559638579,1.0,0.3841815506320141,0.1174057350256812,0.3494839189587231,0.3079386162026496,0.3081839176817006,0.4946409377928794,0.3301306019220092,0.7249666870077811,0.5950415050521016,0.4444106903592004,0.1977604749958098,0.575176014848779,0.7500822713273355,0.5726469378747598,0.4883552592831626,0.5936916822382534,0.6774172051781757,0.3218124097484522,0.7313478573639054,0.6124107124832339,0.3125841781472038,0.4761904761904761,0.25,0.6194029850746268,0.0,1.0,0.0,0.0,0.0,0.0,0.0,0.0,0.0,0.0,0.0,1.0,0.0,0.0,0.0,1.0,0.6085854670892786,0.7897349806584808
34995,CPhos-Hybrid,MEK,[Pd(OAc)2],KF,H2O,0.2598118174588415,0.240850728377077,0.7323806522503258,0.5509902841680754,0.5591313983102528,0.1395283131959717,0.173617012460753,0.4634375340121572,0.5594780198382983,0.1970174804687738,0.628358355233165,0.3697322805224785,0.2497273090559554,0.4169981585354749,0.1480853562140026,0.165286370378393,0.5152538236511311,0.4584182145692568,0.5467356265720745,0.5076070918566213,0.1918607289912499,0.5956658579022096,0.3062884762903966,0.5182653873379357,0.6847779540283501,0.4761904761904761,0.25,0.6194029850746268,0.0,1.0,0.0,0.0,0.0,0.0,0.0,0.0,0.0,0.0,0.0,1.0,0.0,0.0,0.0,1.0,0.2833700812173426,0.5082581350392424
36195,VPhos,tAmOH,[Pd(OAc)2],KF,H2O,0.3747681180896042,0.3146910723464839,0.0103060405051062,0.563437016767439,0.3402876096262466,0.137360317932085,0.4936338541937351,0.4189562379285321,0.4567365381602531,0.4622037853595139,0.5053881060065234,0.4095911661076228,0.4008080920505656,0.4719867879218409,0.5803838367501305,0.7030194826141437,0.6615965480751889,0.3159913299767826,0.4212742934201507,0.8212820077175189,0.322781766868732,0.6298860270549411,0.460970309038109,0.2621820520857806,0.2333293654257384,0.3333333333333333,0.6630434782608696,1.0,0.7105263157894737,1.0,0.0,0.0,0.0,0.0,0.0,0.0,0.0,0.0,0.0,1.0,0.0,0.0,0.0,1.0,0.3817653711864723,0.5815344827718599
36375,VPhos,2-MeTHF,[Pd(OAc)2],KF,H2O,0.3747681180896042,0.3146910723464839,0.0103060405051062,0.563437016767439,0.3402876096262466,0.137360317932085,0.4936338541937351,0.4189562379285321,0.4567365381602531,0.4622037853595139,0.5053881060065234,0.4095911661076228,0.4008080920505656,0.4719867879218409,0.5803838367501305,0.7030194826141437,0.6615965480751889,0.3159913299767826,0.4212742934201507,0.8212820077175189,0.322781766868732,0.6298860270549411,0.460970309038109,0.2621820520857806,0.2333293654257384,0.5158730158730158,0.0,0.8656716417910446,0.368421052631579,1.0,0.0,0.0,0.0,0.0,0.0,0.0,0.0,0.0,0.0,1.0,0.0,0.0,0.0,1.0,0.3162004845267528,0.543327131484623
36535,VPhos,EtOAc,[Pd2(dba)3],KF,H2O,0.3747681180896042,0.3146910723464839,0.0103060405051062,0.563437016767439,0.3402876096262466,0.137360317932085,0.4936338541937351,0.4189562379285321,0.4567365381602531,0.4622037853595139,0.5053881060065234,0.4095911661076228,0.4008080920505656,0.4719867879218409,0.5803838367501305,0.7030194826141437,0.6615965480751889,0.3159913299767826,0.4212742934201507,0.8212820077175189,0.322781766868732,0.6298860270549411,0.460970309038109,0.2621820520857806,0.2333293654257384,0.5793650793650793,0.3695652173913044,0.6343283582089552,0.131578947368421,0.0,0.0,1.0,0.0,0.0,0.0,0.0,0.0,0.0,0.0,1.0,0.0,0.0,0.0,1.0,0.6089668843808274,0.717815918830366
37035,MePhos,CPME,[Pd(OAc)2],KF,H2O,0.5193106752152821,0.2991856985634203,0.0438046205154287,0.5322542030645798,0.3996081395609276,0.1577707172977344,0.4768387853854686,0.4223155636929277,0.5551601321293554,0.5386323708391348,0.4005162033900699,0.248757454311012,0.488125308598012,0.2558662262531925,0.5501402589778461,0.2187340289099096,0.166792831956159,0.3749247721384537,0.3781003437930169,0.6283764427969084,0.137142192250801,0.4384155174470793,0.6351128154282375,0.7680445130044189,0.1026401434333851,0.6507936507936507,0.1521739130434783,0.880597014925373,0.631578947368421,1.0,0.0,0.0,0.0,0.0,0.0,0.0,0.0,0.0,0.0,1.0,0.0,0.0,0.0,1.0,0.2167167468477016,0.3992061062958325
37115,MePhos,2-MeTHF,[Pd(allyl)Cl]2,KF,H2O,0.5193106752152821,0.2991856985634203,0.0438046205154287,0.5322542030645798,0.3996081395609276,0.1577707172977344,0.4768387853854686,0.4223155636929277,0.5551601321293554,0.5386323708391348,0.4005162033900699,0.248757454311012,0.488125308598012,0.2558662262531925,0.5501402589778461,0.2187340289099096,0.166792831956159,0.3749247721384537,0.3781003437930169,0.6283764427969084,0.137142192250801,0.4384155174470793,0.6351128154282375,0.7680445130044189,0.1026401434333851,0.5158730158730158,0.0,0.8656716417910446,0.368421052631579,0.0,1.0,0.0,0.0,0.0,0.0,0.0,0.0,0.0,0.0,1.0,0.0,0.0,0.0,1.0,0.5578985474244333,0.730176538816279
37215,MePhos,EtOAc,[Pd(OAc)2],KF,H2O,0.5193106752152821,0.2991856985634203,0.0438046205154287,0.5322542030645798,0.3996081395609276,0.1577707172977344,0.4768387853854686,0.4223155636929277,0.5551601321293554,0.5386323708391348,0.4005162033900699,0.248757454311012,0.488125308598012,0.2558662262531925,0.5501402589778461,0.2187340289099096,0.166792831956159,0.3749247721384537,0.3781003437930169,0.6283764427969084,0.137142192250801,0.4384155174470793,0.6351128154282375,0.7680445130044189,0.1026401434333851,0.5793650793650793,0.3695652173913044,0.6343283582089552,0.131578947368421,1.0,0.0,0.0,0.0,0.0,0.0,0.0,0.0,0.0,0.0,1.0,0.0,0.0,0.0,1.0,0.3958243715190926,0.6149322192114373
37275,MePhos,MeCN,[Pd(OAc)2],KF,H2O,0.5193106752152821,0.2991856985634203,0.0438046205154287,0.5322542030645798,0.3996081395609276,0.1577707172977344,0.4768387853854686,0.4223155636929277,0.5551601321293554,0.5386323708391348,0.4005162033900699,0.248757454311012,0.488125308598012,0.2558662262531925,0.5501402589778461,0.2187340289099096,0.166792831956159,0.3749247721384537,0.3781003437930169,0.6283764427969084,0.137142192250801,0.4384155174470793,0.6351128154282375,0.7680445130044189,0.1026401434333851,0.1111111111111111,0.8478260869565218,0.0,0.0789473684210526,1.0,0.0,0.0,0.0,0.0,0.0,0.0,0.0,0.0,0.0,1.0,0.0,0.0,0.0,1.0,0.7771824100400057,0.8166017595220134
37335,MePhos,PhMe,[Pd(OAc)2],KF,H2O,0.5193106752152821,0.2991856985634203,0.0438046205154287,0.5322542030645798,0.3996081395609276,0.1577707172977344,0.4768387853854686,0.4223155636929277,0.5551601321293554,0.5386323708391348,0.4005162033900699,0.248757454311012,0.488125308598012,0.2558662262531925,0.5501402589778461,0.2187340289099096,0.166792831956159,0.3749247721384537,0.3781003437930169,0.6283764427969084,0.137142192250801,0.4384155174470793,0.6351128154282375,0.7680445130044189,0.1026401434333851,1.0,0.7500000000000001,0.7014925373134328,0.3157894736842105,1.0,0.0,0.0,0.0,0.0,0.0,0.0,0.0,0.0,0.0,1.0,0.0,0.0,0.0,1.0,0.3110519274874713,0.4841698446665387
37355,MePhos,PhMe,[Pd(allyl)Cl]2,KF,H2O,0.5193106752152821,0.2991856985634203,0.0438046205154287,0.5322542030645798,0.3996081395609276,0.1577707172977344,0.4768387853854686,0.4223155636929277,0.5551601321293554,0.5386323708391348,0.4005162033900699,0.248757454311012,0.488125308598012,0.2558662262531925,0.5501402589778461,0.2187340289099096,0.166792831956159,0.3749247721384537,0.3781003437930169,0.6283764427969084,0.137142192250801,0.4384155174470793,0.6351128154282375,0.7680445130044189,0.1026401434333851,1.0,0.7500000000000001,0.7014925373134328,0.3157894736842105,0.0,1.0,0.0,0.0,0.0,0.0,0.0,0.0,0.0,0.0,1.0,0.0,0.0,0.0,1.0,0.3415192875882287,0.5477026338670545
41965,Triisobutylphosphatrane,tAmOH,[Pd(allyl)Cl]2,K3PO4,H2O,0.606792470427111,0.403937015839357,0.110295855304943,0.9583260016846732,1.0,0.994886976828897,0.8080657494116139,0.1371279168461666,0.3008199443897619,0.5265498793845717,0.9628554406422776,0.2836039644563969,0.0,0.2831365551045604,0.4072543067768681,0.5242743269670358,0.301943822806261,0.3220777476811906,0.3818607428746906,0.5285559042571352,0.673492358955574,0.4114452964466031,0.5794512558560431,0.4133868788997509,0.3928042876365788,0.3333333333333333,0.6630434782608696,1.0,0.7105263157894737,0.0,1.0,0.0,0.0,0.0,1.0,0.0,0.0,0.0,0.0,0.0,0.0,0.0,0.0,1.0,0.0068888825928937,0.0
42215,Triisobutylphosphatrane,MEK,[Pd(allyl)Cl]2,KF,H2O,0.606792470427111,0.403937015839357,0.110295855304943,0.9583260016846732,1.0,0.994886976828897,0.8080657494116139,0.1371279168461666,0.3008199443897619,0.5265498793845717,0.9628554406422776,0.2836039644563969,0.0,0.2831365551045604,0.4072543067768681,0.5242743269670358,0.301943822806261,0.3220777476811906,0.3818607428746906,0.5285559042571352,0.673492358955574,0.4114452964466031,0.5794512558560431,0.4133868788997509,0.3928042876365788,0.4761904761904761,0.25,0.6194029850746268,0.0,0.0,1.0,0.0,0.0,0.0,0.0,0.0,0.0,0.0,0.0,1.0,0.0,0.0,0.0,1.0,0.0,0.0
43595,Et-PhenCar-Phos,2-MeTHF,[Pd(allyl)Cl]2,KF,H2O,0.5181843681568313,0.1728415109573113,0.0788120149376669,0.0833421429006691,0.374457354934977,0.3582595450965123,0.3320711773143905,0.5344282003054325,0.2877993759987708,0.4429603150180274,0.5628844960261956,0.255907256147621,0.4219841799715573,0.4279789797309027,0.3275994248085524,0.7446476374565905,0.5940569696300637,0.3233106352240527,0.7570783285686963,0.0097382894241986,0.9582969762502924,0.5085172608080222,0.3777075107858694,0.945430738395686,0.6569703099797366,0.5158730158730158,0.0,0.8656716417910446,0.368421052631579,0.0,1.0,0.0,0.0,0.0,0.0,0.0,0.0,0.0,0.0,1.0,0.0,0.0,0.0,1.0,0.047587383377964,0.0
43635,Et-PhenCar-Phos,MEK,[Pd(OAc)2],KF,H2O,0.5181843681568313,0.1728415109573113,0.0788120149376669,0.0833421429006691,0.374457354934977,0.3582595450965123,0.3320711773143905,0.5344282003054325,0.2877993759987708,0.4429603150180274,0.5628844960261956,0.255907256147621,0.4219841799715573,0.4279789797309027,0.3275994248085524,0.7446476374565905,0.5940569696300637,0.3233106352240527,0.7570783285686963,0.0097382894241986,0.9582969762502924,0.5085172608080222,0.3777075107858694,0.945430738395686,0.6569703099797366,0.4761904761904761,0.25,0.6194029850746268,0.0,1.0,0.0,0.0,0.0,0.0,0.0,0.0,0.0,0.0,0.0,1.0,0.0,0.0,0.0,1.0,0.3137999190983585,0.4811084364124883
45735,CM-Phos,2-MeTHF,[Pd(OAc)2],KF,H2O,0.4402316783354023,0.237538803876679,0.1302231898707016,0.4066081476081392,0.435086655531878,0.2267817579119308,0.3602287228524318,0.3775038317882777,0.4145071801057062,0.4884297607311198,0.4400148116033383,0.4028046407952206,0.5317999428646559,0.2855797570325681,0.4153879893066556,0.4257345287624855,0.4942020216597798,0.3454433120175541,0.8060844895264552,0.6615790662219334,0.7656755622067775,0.716116242694572,0.4861357781886125,0.5267196396048311,0.0423491723696475,0.5158730158730158,0.0,0.8656716417910446,0.368421052631579,1.0,0.0,0.0,0.0,0.0,0.0,0.0,0.0,0.0,0.0,1.0,0.0,0.0,0.0,1.0,0.0579416443187495,0.1261872136850974
45815,CM-Phos,MEK,[Pd(allyl)Cl]2,KF,H2O,0.4402316783354023,0.237538803876679,0.1302231898707016,0.4066081476081392,0.435086655531878,0.2267817579119308,0.3602287228524318,0.3775038317882777,0.4145071801057062,0.4884297607311198,0.4400148116033383,0.4028046407952206,0.5317999428646559,0.2855797570325681,0.4153879893066556,0.4257345287624855,0.4942020216597798,0.3454433120175541,0.8060844895264552,0.6615790662219334,0.7656755622067775,0.716116242694572,0.4861357781886125,0.5267196396048311,0.0423491723696475,0.4761904761904761,0.25,0.6194029850746268,0.0,0.0,1.0,0.0,0.0,0.0,0.0,0.0,0.0,0.0,0.0,1.0,0.0,0.0,0.0,1.0,0.0238543698938751,0.0
45835,CM-Phos,MEK,[Pd2(dba)3],KF,H2O,0.4402316783354023,0.237538803876679,0.1302231898707016,0.4066081476081392,0.435086655531878,0.2267817579119308,0.3602287228524318,0.3775038317882777,0.4145071801057062,0.4884297607311198,0.4400148116033383,0.4028046407952206,0.5317999428646559,0.2855797570325681,0.4153879893066556,0.4257345287624855,0.4942020216597798,0.3454433120175541,0.8060844895264552,0.6615790662219334,0.7656755622067775,0.716116242694572,0.4861357781886125,0.5267196396048311,0.0423491723696475,0.4761904761904761,0.25,0.6194029850746268,0.0,0.0,0.0,1.0,0.0,0.0,0.0,0.0,0.0,0.0,0.0,1.0,0.0,0.0,0.0,1.0,0.0428029554064284,0.0
45915,CM-Phos,MeCN,[Pd(OAc)2],KF,H2O,0.4402316783354023,0.237538803876679,0.1302231898707016,0.4066081476081392,0.435086655531878,0.2267817579119308,0.3602287228524318,0.3775038317882777,0.4145071801057062,0.4884297607311198,0.4400148116033383,0.4028046407952206,0.5317999428646559,0.2855797570325681,0.4153879893066556,0.4257345287624855,0.4942020216597798,0.3454433120175541,0.8060844895264552,0.6615790662219334,0.7656755622067775,0.716116242694572,0.4861357781886125,0.5267196396048311,0.0423491723696475,0.1111111111111111,0.8478260869565218,0.0,0.0789473684210526,1.0,0.0,0.0,0.0,0.0,0.0,0.0,0.0,0.0,0.0,1.0,0.0,0.0,0.0,1.0,0.0,0.0
48655,Amidolephos,2-MeTHF,[Pd2(dba)3],KF,H2O,0.4106214029552091,0.2414255686199043,0.1925446265581931,0.3606371539112386,0.3651733534776363,0.2421994233237753,0.3980674847368706,0.365674575160992,0.3658044946181882,0.3011811774215425,0.3577445582176181,0.2564769288147435,0.4068424888575323,0.6139600502246289,0.0698014578196635,0.3454102092680242,0.1805369976137628,0.3150039325557742,0.3929034974021382,0.7203499599782867,0.418179297192809,0.0675898201330792,0.5559521933002246,0.5590438690493238,0.2116906648379948,0.5158730158730158,0.0,0.8656716417910446,0.368421052631579,0.0,0.0,1.0,0.0,0.0,0.0,0.0,0.0,0.0,0.0,1.0,0.0,0.0,0.0,1.0,0.4811225557191161,0.6198734144562436
49159,NPCy2-Andolephos,tAmOH,[Pd(OAc)2],DBU,H2O,0.4123898988064035,0.3144558827656036,0.2019296245752816,0.4425137904957568,0.7665260551203694,0.4843563116527414,0.436342794872858,0.4425539284424258,0.5049426135057171,0.0480386083279359,0.264716094821453,0.5123334153743919,0.9950551473247063,0.5351642357432242,0.5611820076306159,0.3295720562119388,0.3055349487259665,0.7478953408611344,0.5515457260217487,0.2770321299453687,0.418493186965724,0.090729693421905,0.3741422957559894,0.4032028750904733,0.6702159623659952,0.3333333333333333,0.6630434782608696,1.0,0.7105263157894737,1.0,0.0,0.0,0.0,0.0,0.0,0.0,0.0,0.0,0.0,0.0,0.0,1.0,0.0,1.0,0.0238363538139853,0.0
49335,NPCy2-Andolephos,2-MeTHF,[Pd(OAc)2],KF,H2O,0.4123898988064035,0.3144558827656036,0.2019296245752816,0.4425137904957568,0.7665260551203694,0.4843563116527414,0.436342794872858,0.4425539284424258,0.5049426135057171,0.0480386083279359,0.264716094821453,0.5123334153743919,0.9950551473247063,0.5351642357432242,0.5611820076306159,0.3295720562119388,0.3055349487259665,0.7478953408611344,0.5515457260217487,0.2770321299453687,0.418493186965724,0.090729693421905,0.3741422957559894,0.4032028750904733,0.6702159623659952,0.5158730158730158,0.0,0.8656716417910446,0.368421052631579,1.0,0.0,0.0,0.0,0.0,0.0,0.0,0.0,0.0,0.0,1.0,0.0,0.0,0.0,1.0,0.0967925099679603,0.1897867151769523
49375,NPCy2-Andolephos,2-MeTHF,[Pd2(dba)3],KF,H2O,0.4123898988064035,0.3144558827656036,0.2019296245752816,0.4425137904957568,0.7665260551203694,0.4843563116527414,0.436342794872858,0.4425539284424258,0.5049426135057171,0.0480386083279359,0.264716094821453,0.5123334153743919,0.9950551473247063,0.5351642357432242,0.5611820076306159,0.3295720562119388,0.3055349487259665,0.7478953408611344,0.5515457260217487,0.2770321299453687,0.418493186965724,0.090729693421905,0.3741422957559894,0.4032028750904733,0.6702159623659952,0.5158730158730158,0.0,0.8656716417910446,0.368421052631579,0.0,0.0,1.0,0.0,0.0,0.0,0.0,0.0,0.0,0.0,1.0,0.0,0.0,0.0,1.0,0.3120538031175282,0.4852278081392068
49395,NPCy2-Andolephos,MEK,[Pd(OAc)2],KF,H2O,0.4123898988064035,0.3144558827656036,0.2019296245752816,0.4425137904957568,0.7665260551203694,0.4843563116527414,0.436342794872858,0.4425539284424258,0.5049426135057171,0.0480386083279359,0.264716094821453,0.5123334153743919,0.9950551473247063,0.5351642357432242,0.5611820076306159,0.3295720562119388,0.3055349487259665,0.7478953408611344,0.5515457260217487,0.2770321299453687,0.418493186965724,0.090729693421905,0.3741422957559894,0.4032028750904733,0.6702159623659952,0.4761904761904761,0.25,0.6194029850746268,0.0,1.0,0.0,0.0,0.0,0.0,0.0,0.0,0.0,0.0,0.0,1.0,0.0,0.0,0.0,1.0,0.2251296485132105,0.3891402764257418
50455,pta,MeOH,[Pd2(dba)3],KF,H2O,0.9999999999999998,0.0,0.3274805785092604,0.2322817842270105,0.003966975552736,0.6539424467884349,0.3940238459905009,0.4130198782531141,1.0,0.1243798626719283,1.0,1.0,0.4751336074043896,0.5184604147075573,0.4717804589368666,0.4769328394085051,0.2138312221500259,0.0831830181712814,0.5163100429895383,0.5960801880583293,0.350835930355877,0.2724074634496106,0.5987571899617328,0.4293926199989573,0.5320491533725544,0.0,1.0000000000000002,0.7761194029850745,1.0,0.0,0.0,1.0,0.0,0.0,0.0,0.0,0.0,0.0,0.0,1.0,0.0,0.0,0.0,1.0,0.0,0.0
50475,pta,EtOH,[Pd(OAc)2],KF,H2O,0.9999999999999998,0.0,0.3274805785092604,0.2322817842270105,0.003966975552736,0.6539424467884349,0.3940238459905009,0.4130198782531141,1.0,0.1243798626719283,1.0,1.0,0.4751336074043896,0.5184604147075573,0.4717804589368666,0.4769328394085051,0.2138312221500259,0.0831830181712814,0.5163100429895383,0.5960801880583293,0.350835930355877,0.2724074634496106,0.5987571899617328,0.4293926199989573,0.5320491533725544,0.1507936507936508,0.8586956521739131,0.9029850746268656,0.7894736842105263,1.0,0.0,0.0,0.0,0.0,0.0,0.0,0.0,0.0,0.0,1.0,0.0,0.0,0.0,1.0,0.0075350484800574,0.0
50675,pta,iPr2O,[Pd(allyl)Cl]2,KF,H2O,0.9999999999999998,0.0,0.3274805785092604,0.2322817842270105,0.003966975552736,0.6539424467884349,0.3940238459905009,0.4130198782531141,1.0,0.1243798626719283,1.0,1.0,0.4751336074043896,0.5184604147075573,0.4717804589368666,0.4769328394085051,0.2138312221500259,0.0831830181712814,0.5163100429895383,0.5960801880583293,0.350835930355877,0.2724074634496106,0.5987571899617328,0.4293926199989573,0.5320491533725544,0.5634920634920635,0.0217391304347827,0.925373134328358,0.736842105263158,0.0,1.0,0.0,0.0,0.0,0.0,0.0,0.0,0.0,0.0,1.0,0.0,0.0,0.0,1.0,0.0,0.0
50775,pta,2-MeTHF,[Pd(OAc)2],KF,H2O,0.9999999999999998,0.0,0.3274805785092604,0.2322817842270105,0.003966975552736,0.6539424467884349,0.3940238459905009,0.4130198782531141,1.0,0.1243798626719283,1.0,1.0,0.4751336074043896,0.5184604147075573,0.4717804589368666,0.4769328394085051,0.2138312221500259,0.0831830181712814,0.5163100429895383,0.5960801880583293,0.350835930355877,0.2724074634496106,0.5987571899617328,0.4293926199989573,0.5320491533725544,0.5158730158730158,0.0,0.8656716417910446,0.368421052631579,1.0,0.0,0.0,0.0,0.0,0.0,0.0,0.0,0.0,0.0,1.0,0.0,0.0,0.0,1.0,0.0,0.0
50834,pta,MEK,[Pd(OAc)2],KF,none,0.9999999999999998,0.0,0.3274805785092604,0.2322817842270105,0.003966975552736,0.6539424467884349,0.3940238459905009,0.4130198782531141,1.0,0.1243798626719283,1.0,1.0,0.4751336074043896,0.5184604147075573,0.4717804589368666,0.4769328394085051,0.2138312221500259,0.0831830181712814,0.5163100429895383,0.5960801880583293,0.350835930355877,0.2724074634496106,0.5987571899617328,0.4293926199989573,0.5320491533725544,0.4761904761904761,0.25,0.6194029850746268,0.0,1.0,0.0,0.0,0.0,0.0,0.0,0.0,0.0,0.0,0.0,1.0,0.0,0.0,1.0,0.0,0.0120695695185768,0.0
50835,pta,MEK,[Pd(OAc)2],KF,H2O,0.9999999999999998,0.0,0.3274805785092604,0.2322817842270105,0.003966975552736,0.6539424467884349,0.3940238459905009,0.4130198782531141,1.0,0.1243798626719283,1.0,1.0,0.4751336074043896,0.5184604147075573,0.4717804589368666,0.4769328394085051,0.2138312221500259,0.0831830181712814,0.5163100429895383,0.5960801880583293,0.350835930355877,0.2724074634496106,0.5987571899617328,0.4293926199989573,0.5320491533725544,0.4761904761904761,0.25,0.6194029850746268,0.0,1.0,0.0,0.0,0.0,0.0,0.0,0.0,0.0,0.0,0.0,1.0,0.0,0.0,0.0,1.0,0.0076527091347495,0.0
50855,pta,MEK,[Pd(allyl)Cl]2,KF,H2O,0.9999999999999998,0.0,0.3274805785092604,0.2322817842270105,0.003966975552736,0.6539424467884349,0.3940238459905009,0.4130198782531141,1.0,0.1243798626719283,1.0,1.0,0.4751336074043896,0.5184604147075573,0.4717804589368666,0.4769328394085051,0.2138312221500259,0.0831830181712814,0.5163100429895383,0.5960801880583293,0.350835930355877,0.2724074634496106,0.5987571899617328,0.4293926199989573,0.5320491533725544,0.4761904761904761,0.25,0.6194029850746268,0.0,0.0,1.0,0.0,0.0,0.0,0.0,0.0,0.0,0.0,0.0,1.0,0.0,0.0,0.0,1.0,0.0,0.0
50895,pta,EtOAc,[Pd(OAc)2],KF,H2O,0.9999999999999998,0.0,0.3274805785092604,0.2322817842270105,0.003966975552736,0.6539424467884349,0.3940238459905009,0.4130198782531141,1.0,0.1243798626719283,1.0,1.0,0.4751336074043896,0.5184604147075573,0.4717804589368666,0.4769328394085051,0.2138312221500259,0.0831830181712814,0.5163100429895383,0.5960801880583293,0.350835930355877,0.2724074634496106,0.5987571899617328,0.4293926199989573,0.5320491533725544,0.5793650793650793,0.3695652173913044,0.6343283582089552,0.131578947368421,1.0,0.0,0.0,0.0,0.0,0.0,0.0,0.0,0.0,0.0,1.0,0.0,0.0,0.0,1.0,0.0,0.0
50955,pta,MeCN,[Pd(OAc)2],KF,H2O,0.9999999999999998,0.0,0.3274805785092604,0.2322817842270105,0.003966975552736,0.6539424467884349,0.3940238459905009,0.4130198782531141,1.0,0.1243798626719283,1.0,1.0,0.4751336074043896,0.5184604147075573,0.4717804589368666,0.4769328394085051,0.2138312221500259,0.0831830181712814,0.5163100429895383,0.5960801880583293,0.350835930355877,0.2724074634496106,0.5987571899617328,0.4293926199989573,0.5320491533725544,0.1111111111111111,0.8478260869565218,0.0,0.0789473684210526,1.0,0.0,0.0,0.0,0.0,0.0,0.0,0.0,0.0,0.0,1.0,0.0,0.0,0.0,1.0,0.0,0.0
50995,pta,MeCN,[Pd2(dba)3],KF,H2O,0.9999999999999998,0.0,0.3274805785092604,0.2322817842270105,0.003966975552736,0.6539424467884349,0.3940238459905009,0.4130198782531141,1.0,0.1243798626719283,1.0,1.0,0.4751336074043896,0.5184604147075573,0.4717804589368666,0.4769328394085051,0.2138312221500259,0.0831830181712814,0.5163100429895383,0.5960801880583293,0.350835930355877,0.2724074634496106,0.5987571899617328,0.4293926199989573,0.5320491533725544,0.1111111111111111,0.8478260869565218,0.0,0.0789473684210526,0.0,0.0,1.0,0.0,0.0,0.0,0.0,0.0,0.0,0.0,1.0,0.0,0.0,0.0,1.0,0.0,0.0
51495,Ph-PhenCar-Phos,2-MeTHF,[Pd(OAc)2],KF,H2O,0.4517088320849778,0.2965883354039423,0.3848759791158165,0.3308354549564626,0.423859026884192,0.2778975684701016,0.2866706471670884,0.3263087906532589,0.0567823546408777,0.6392096271090661,0.6647092160624786,0.5446152280713665,0.5792876346857414,0.1633665862458554,0.2344708710120624,0.4695935950789943,0.4944981069322627,0.1232961819016448,0.3368562542547184,0.0,0.3105237455702253,0.2221076124730952,0.442812440806056,0.799725494940066,0.0,0.5158730158730158,0.0,0.8656716417910446,0.368421052631579,1.0,0.0,0.0,0.0,0.0,0.0,0.0,0.0,0.0,0.0,1.0,0.0,0.0,0.0,1.0,0.0,0.0
52995,(rac)-QUINAP,MEK,[Pd(OAc)2],KF,H2O,0.4351247207084866,0.325487430160852,0.3800033146656042,0.3312780488610011,0.4122380032750663,0.1739561636917094,0.3064616440596472,0.3990161410425167,0.0962193001892198,0.6445804587554577,0.6643441017405709,0.2647980207677466,0.5625430634512424,0.3757165927711418,0.6640774469195019,0.600236502282396,0.3757366524093764,0.4342045235487773,0.2759204405087297,0.4728245557263782,0.3788892089559523,0.2744115624567476,1.0,0.5914315417990973,0.487486366194698,0.4761904761904761,0.25,0.6194029850746268,0.0,1.0,0.0,0.0,0.0,0.0,0.0,0.0,0.0,0.0,0.0,1.0,0.0,0.0,0.0,1.0,0.0,0.0
53115,(rac)-QUINAP,MeCN,[Pd(OAc)2],KF,H2O,0.4351247207084866,0.325487430160852,0.3800033146656042,0.3312780488610011,0.4122380032750663,0.1739561636917094,0.3064616440596472,0.3990161410425167,0.0962193001892198,0.6445804587554577,0.6643441017405709,0.2647980207677466,0.5625430634512424,0.3757165927711418,0.6640774469195019,0.600236502282396,0.3757366524093764,0.4342045235487773,0.2759204405087297,0.4728245557263782,0.3788892089559523,0.2744115624567476,1.0,0.5914315417990973,0.487486366194698,0.1111111111111111,0.8478260869565218,0.0,0.0789473684210526,1.0,0.0,0.0,0.0,0.0,0.0,0.0,0.0,0.0,0.0,1.0,0.0,0.0,0.0,1.0,0.0,0.0
55133,iPr-PhenCarPhos,2-MeTHF,[Pd2(dba)3],KOAc,H2O,0.4725081650909593,0.2635775385209586,0.0738406455925352,0.2045230985169499,0.4258505023139158,0.3041043905496752,0.3230826312719422,0.5203937980561559,0.3280838269010256,0.4434674866427268,0.5014974870866199,0.3521912672999283,0.4262091636617403,0.2824874248456268,0.1704069859903361,0.6273296329249629,0.5243516170161433,0.4398499676460558,0.8015066994453774,0.2182370106950426,1.0,0.6961110685725765,0.6396546795775587,0.6775477916992784,0.2898614559336889,0.5158730158730158,0.0,0.8656716417910446,0.368421052631579,0.0,0.0,1.0,0.0,0.0,0.0,0.0,0.0,0.0,1.0,0.0,0.0,0.0,0.0,1.0,0.4664308179525766,0.5749252228859626
55395,iPr-PhenCarPhos,PhOMe,[Pd(OAc)2],KF,H2O,0.4725081650909593,0.2635775385209586,0.0738406455925352,0.2045230985169499,0.4258505023139158,0.3041043905496752,0.3230826312719422,0.5203937980561559,0.3280838269010256,0.4434674866427268,0.5014974870866199,0.3521912672999283,0.4262091636617403,0.2824874248456268,0.1704069859903361,0.6273296329249629,0.5243516170161433,0.4398499676460558,0.8015066994453774,0.2182370106950426,1.0,0.6961110685725765,0.6396546795775587,0.6775477916992784,0.2898614559336889,0.8095238095238095,0.6630434782608696,0.6716417910447761,0.1842105263157895,1.0,0.0,0.0,0.0,0.0,0.0,0.0,0.0,0.0,0.0,1.0,0.0,0.0,0.0,1.0,0.1945599686932044,0.3495602231753979
56595,"P(3,5-CF3-Ph)3",MEK,[Pd(OAc)2],KF,H2O,0.5758126191486284,0.2565311719006539,1.0,0.6702995247955372,0.4162853709753067,0.0,0.8814223355816619,1.0,0.5660670791097878,0.4852152224169597,0.5072526459474871,0.0026105260709187,0.5061898200307804,0.3036963489856813,0.4943526924866944,0.5613875105794943,0.3129986180157144,0.4914818109388565,0.6039025249803203,0.4750449508238697,0.8442659897779916,0.0406910932439371,0.4549360045215641,0.2440967301587971,0.4892705810826665,0.4761904761904761,0.25,0.6194029850746268,0.0,1.0,0.0,0.0,0.0,0.0,0.0,0.0,0.0,0.0,0.0,1.0,0.0,0.0,0.0,1.0,0.0102148633361919,0.0
58044,QPhos,MEK,[Pd(allyl)Cl]2,K3PO4,none,0.2658931444880549,0.9441443941052616,0.3153816117207177,0.1847391622675762,0.2591939536959857,0.1787788287682941,1.0,0.2364530954499806,0.0,0.4823563168810706,0.7191043988205122,0.7248407218752011,0.6201878707269884,1.0,0.0,0.4365606354730453,0.3932164810941903,0.5366116420042453,0.3937615554916479,0.4932034946732394,0.3453794250339499,0.3543816214304929,0.3865651557425758,0.2491840462218449,0.3580418710330502,0.4761904761904761,0.25,0.6194029850746268,0.0,0.0,1.0,0.0,0.0,0.0,1.0,0.0,0.0,0.0,0.0,0.0,0.0,0.0,1.0,0.0,0.4439172950294067,0.6369865903247371
58133,QPhos,EtOAc,[Pd2(dba)3],KOAc,H2O,0.2658931444880549,0.9441443941052616,0.3153816117207177,0.1847391622675762,0.2591939536959857,0.1787788287682941,1.0,0.2364530954499806,0.0,0.4823563168810706,0.7191043988205122,0.7248407218752011,0.6201878707269884,1.0,0.0,0.4365606354730453,0.3932164810941903,0.5366116420042453,0.3937615554916479,0.4932034946732394,0.3453794250339499,0.3543816214304929,0.3865651557425758,0.2491840462218449,0.3580418710330502,0.5793650793650793,0.3695652173913044,0.6343283582089552,0.131578947368421,0.0,0.0,1.0,0.0,0.0,0.0,0.0,0.0,0.0,1.0,0.0,0.0,0.0,0.0,1.0,0.0186722101585979,0.0
